{
  "graph": "input\\G22.txt",
  "n": 2000,
  "k": 19990,
  "weighted": false,
  "num_trials": 100,
  "seed_base": 0,
  "known_best": 13359,
  "cim": {
    "num_rounds": 1500,
    "coupling": -0.03,
    "kappa": 130.0,
    "L": 0.05,
    "gamma": 42.09,
    "eta": 0.07943282347242814,
    "bandwidth": 1000000000.0,
    "photon_energy": 1.28e-19,
    "dP_per_round": 5e-05,
    "mean": 13275.29,
    "best": 13326.0,
    "worst": 13220.0,
    "std": 20.471587627734202,
    "time_sec": 1.426090955734253
  },
  "pticm": {
    "num_sweeps": 1500,
    "sweep_len": 2000,
    "num_temps": 16,
    "t_min": 0.03,
    "t_max": 3.0,
    "T_ladder": [
      0.03,
      0.04078069172635576,
      0.055435493922668715,
      0.07535659294528742,
      0.10243646621500803,
      0.13924766500838334,
      0.18928720334405796,
      0.2573087695772682,
      0.34977432035394945,
      0.47546795773833395,
      0.6463304070095649,
      0.8785933693875706,
      1.194321511660492,
      1.623508579639391,
      2.206926763378924,
      3.0
    ],
    "swap_interval": 1,
    "icm_interval": 5,
    "sample_interval": 25,
    "trajectory_mean": [
      13109.13,
      13173.41,
      13197.7,
      13211.6,
      13224.14,
      13232.31,
      13236.93,
      13242.91,
      13250.58,
      13255.33,
      13259.13,
      13262.18,
      13263.87,
      13264.87,
      13265.92,
      13267.88,
      13269.79,
      13271.57,
      13272.5,
      13274.49,
      13275.64,
      13277.25,
      13278.41,
      13279.17,
      13280.28,
      13281.4,
      13282.9,
      13283.56,
      13285.11,
      13285.9,
      13287.52,
      13288.6,
      13289.78,
      13291.19,
      13291.49,
      13292.2,
      13293.19,
      13294.3,
      13294.36,
      13295.04,
      13295.86,
      13297.0,
      13297.59,
      13298.44,
      13299.24,
      13299.77,
      13300.05,
      13300.28,
      13301.0,
      13301.68,
      13302.48,
      13303.3,
      13303.43,
      13303.82,
      13303.97,
      13304.11,
      13304.73,
      13304.92,
      13305.71,
      13306.14
    ],
    "trajectory_best": [
      13188.0,
      13233.0,
      13250.0,
      13257.0,
      13259.0,
      13282.0,
      13283.0,
      13288.0,
      13301.0,
      13301.0,
      13303.0,
      13303.0,
      13303.0,
      13303.0,
      13303.0,
      13303.0,
      13309.0,
      13310.0,
      13317.0,
      13317.0,
      13317.0,
      13317.0,
      13317.0,
      13317.0,
      13317.0,
      13317.0,
      13317.0,
      13317.0,
      13317.0,
      13317.0,
      13317.0,
      13317.0,
      13317.0,
      13317.0,
      13318.0,
      13327.0,
      13329.0,
      13333.0,
      13334.0,
      13334.0,
      13334.0,
      13334.0,
      13339.0,
      13341.0,
      13341.0,
      13341.0,
      13341.0,
      13341.0,
      13341.0,
      13341.0,
      13341.0,
      13341.0,
      13341.0,
      13341.0,
      13341.0,
      13341.0,
      13341.0,
      13341.0,
      13341.0,
      13341.0
    ],
    "sample_sweeps": [
      25,
      50,
      75,
      100,
      125,
      150,
      175,
      200,
      225,
      250,
      275,
      300,
      325,
      350,
      375,
      400,
      425,
      450,
      475,
      500,
      525,
      550,
      575,
      600,
      625,
      650,
      675,
      700,
      725,
      750,
      775,
      800,
      825,
      850,
      875,
      900,
      925,
      950,
      975,
      1000,
      1025,
      1050,
      1075,
      1100,
      1125,
      1150,
      1175,
      1200,
      1225,
      1250,
      1275,
      1300,
      1325,
      1350,
      1375,
      1400,
      1425,
      1450,
      1475,
      1500
    ],
    "mean": 13306.14,
    "best": 13341.0,
    "worst": 13280.0,
    "std": 12.569821001112148,
    "time_sec": 83.26183104515076
  }
}