{
  "num_rounds": 3000,
  "n_optuna_trials": 200,
  "n_cim_trials_per_optuna": 20,
  "elapsed_sec_optuna": 118.92789053916931,
  "best_value_mean_cut": 13302.5,
  "best_params": {
    "L": 0.19650921705454516,
    "gamma": 5.029846653111315,
    "loss_dB": 21.298487488574015,
    "dP_per_round": 3.7429256318518234e-06,
    "abs_coupling": 0.013280137808267221
  },
  "fixed_params": {
    "kappa": 130.0,
    "bandwidth": 1000000000.0,
    "photon_energy": 1.28e-19
  },
  "heldout": {
    "n_trials": 100,
    "seed_start": 100,
    "paper": {
      "mean": 13276.18,
      "std": 21.98289334914765,
      "best": 13322,
      "worst": 13226,
      "cuts": [
        13283,
        13305,
        13291,
        13226,
        13295,
        13302,
        13272,
        13295,
        13305,
        13269,
        13259,
        13300,
        13269,
        13322,
        13273,
        13262,
        13286,
        13273,
        13289,
        13257,
        13236,
        13295,
        13261,
        13305,
        13241,
        13247,
        13287,
        13248,
        13280,
        13274,
        13321,
        13275,
        13314,
        13261,
        13269,
        13299,
        13279,
        13283,
        13313,
        13271,
        13265,
        13232,
        13305,
        13288,
        13241,
        13286,
        13264,
        13274,
        13293,
        13257,
        13231,
        13270,
        13278,
        13272,
        13311,
        13279,
        13284,
        13249,
        13286,
        13310,
        13298,
        13288,
        13240,
        13258,
        13254,
        13291,
        13312,
        13287,
        13273,
        13272,
        13284,
        13298,
        13244,
        13272,
        13280,
        13258,
        13274,
        13241,
        13283,
        13307,
        13270,
        13236,
        13283,
        13292,
        13277,
        13269,
        13272,
        13303,
        13259,
        13299,
        13264,
        13265,
        13242,
        13245,
        13289,
        13273,
        13273,
        13269,
        13251,
        13306
      ]
    },
    "optuna": {
      "mean": 13294.77,
      "std": 16.787408972202943,
      "best": 13339,
      "worst": 13235,
      "cuts": [
        13298,
        13296,
        13281,
        13281,
        13282,
        13298,
        13279,
        13315,
        13314,
        13294,
        13282,
        13290,
        13297,
        13339,
        13303,
        13289,
        13285,
        13278,
        13282,
        13294,
        13256,
        13291,
        13314,
        13297,
        13322,
        13289,
        13290,
        13329,
        13301,
        13304,
        13289,
        13291,
        13334,
        13270,
        13325,
        13285,
        13289,
        13305,
        13291,
        13295,
        13296,
        13279,
        13314,
        13274,
        13309,
        13315,
        13282,
        13290,
        13283,
        13283,
        13291,
        13293,
        13283,
        13235,
        13291,
        13314,
        13294,
        13309,
        13274,
        13308,
        13325,
        13298,
        13298,
        13290,
        13303,
        13285,
        13287,
        13304,
        13282,
        13279,
        13289,
        13297,
        13281,
        13284,
        13325,
        13267,
        13280,
        13290,
        13334,
        13276,
        13293,
        13283,
        13329,
        13292,
        13290,
        13284,
        13290,
        13280,
        13318,
        13301,
        13312,
        13320,
        13294,
        13300,
        13289,
        13290,
        13290,
        13284,
        13297,
        13306
      ]
    },
    "diff_mean": 18.590000000000146
  }
}