{
  "num_rounds": 300,
  "n_optuna_trials": 500,
  "n_cim_trials_per_optuna": 20,
  "elapsed_sec_optuna": 75.80803179740906,
  "best_value_mean_cut": 13262.75,
  "best_params": {
    "L": 0.17201782966469054,
    "gamma": 34.05386752887716,
    "loss_dB": 8.201110186991825,
    "dP_per_round": 3.26695582273286e-06,
    "abs_coupling": 0.06177350901588306
  },
  "fixed_params": {
    "kappa": 130.0,
    "bandwidth": 1000000000.0,
    "photon_energy": 1.28e-19
  },
  "heldout": {
    "n_trials": 100,
    "seed_start": 100,
    "paper": {
      "mean": 13012.02,
      "std": 43.58944367619298,
      "best": 13092,
      "worst": 12903,
      "cuts": [
        13005,
        13069,
        13062,
        12919,
        13011,
        13089,
        12929,
        13033,
        13032,
        13023,
        13019,
        13011,
        13045,
        13063,
        13032,
        13029,
        12989,
        13055,
        13083,
        12995,
        12903,
        13045,
        12958,
        13077,
        12971,
        12962,
        13033,
        12996,
        13049,
        13032,
        13034,
        13015,
        13092,
        13026,
        12978,
        13047,
        13008,
        13040,
        13063,
        13005,
        13016,
        12940,
        13031,
        13025,
        12988,
        13077,
        13035,
        13029,
        13087,
        13032,
        12972,
        13024,
        12994,
        13040,
        13063,
        13033,
        12968,
        12904,
        13031,
        12996,
        13082,
        13036,
        12986,
        12962,
        12973,
        13015,
        13075,
        13064,
        12991,
        12997,
        13035,
        13045,
        12957,
        13028,
        13038,
        12956,
        13034,
        12946,
        12959,
        13030,
        13075,
        12923,
        12988,
        13057,
        12952,
        12987,
        12949,
        13035,
        12944,
        13022,
        12955,
        13012,
        13039,
        12959,
        13008,
        12998,
        12983,
        13034,
        12984,
        12977
      ]
    },
    "optuna": {
      "mean": 13259.22,
      "std": 19.811905511585707,
      "best": 13300,
      "worst": 13209,
      "cuts": [
        13245,
        13279,
        13249,
        13238,
        13278,
        13256,
        13264,
        13251,
        13259,
        13256,
        13271,
        13292,
        13289,
        13248,
        13266,
        13273,
        13292,
        13290,
        13237,
        13274,
        13257,
        13237,
        13241,
        13233,
        13257,
        13293,
        13277,
        13258,
        13233,
        13284,
        13224,
        13284,
        13270,
        13261,
        13244,
        13248,
        13216,
        13273,
        13248,
        13266,
        13209,
        13260,
        13290,
        13260,
        13267,
        13260,
        13221,
        13245,
        13283,
        13254,
        13254,
        13253,
        13261,
        13248,
        13299,
        13250,
        13235,
        13261,
        13270,
        13241,
        13270,
        13224,
        13273,
        13270,
        13249,
        13234,
        13247,
        13236,
        13284,
        13239,
        13263,
        13241,
        13230,
        13271,
        13263,
        13269,
        13268,
        13252,
        13262,
        13236,
        13223,
        13294,
        13300,
        13270,
        13277,
        13267,
        13254,
        13282,
        13246,
        13258,
        13271,
        13291,
        13268,
        13248,
        13249,
        13240,
        13256,
        13261,
        13257,
        13297
      ]
    },
    "diff_mean": 247.1999999999989
  }
}