{
  "num_rounds": 10000,
  "n_optuna_trials": 60,
  "n_cim_trials_per_optuna": 20,
  "elapsed_sec_optuna": 99.59442520141602,
  "best_value_mean_cut": 13298.5,
  "best_params": {
    "L": 0.038666358496039756,
    "gamma": 8.725439865724566,
    "loss_dB": 7.710141417776903,
    "dP_per_round": 6.0925940024051045e-06,
    "abs_coupling": 0.038495872449336443
  },
  "fixed_params": {
    "kappa": 130.0,
    "bandwidth": 1000000000.0,
    "photon_energy": 1.28e-19
  },
  "heldout": {
    "n_trials": 100,
    "seed_start": 100,
    "paper": {
      "mean": 13276.18,
      "std": 21.98289334914765,
      "best": 13322,
      "worst": 13226,
      "cuts": [
        13283,
        13305,
        13291,
        13226,
        13295,
        13302,
        13272,
        13295,
        13305,
        13269,
        13259,
        13300,
        13269,
        13322,
        13273,
        13262,
        13286,
        13273,
        13289,
        13257,
        13236,
        13295,
        13261,
        13305,
        13241,
        13247,
        13287,
        13248,
        13280,
        13274,
        13321,
        13275,
        13314,
        13261,
        13269,
        13299,
        13279,
        13283,
        13313,
        13271,
        13265,
        13232,
        13305,
        13288,
        13241,
        13286,
        13264,
        13274,
        13293,
        13257,
        13231,
        13270,
        13278,
        13272,
        13311,
        13279,
        13284,
        13249,
        13286,
        13310,
        13298,
        13288,
        13240,
        13258,
        13254,
        13291,
        13312,
        13287,
        13273,
        13272,
        13284,
        13298,
        13244,
        13272,
        13280,
        13258,
        13274,
        13241,
        13283,
        13307,
        13270,
        13236,
        13283,
        13292,
        13277,
        13269,
        13272,
        13303,
        13259,
        13299,
        13264,
        13265,
        13242,
        13245,
        13289,
        13273,
        13273,
        13269,
        13251,
        13306
      ]
    },
    "optuna": {
      "mean": 13298.32,
      "std": 18.031572310810834,
      "best": 13332,
      "worst": 13259,
      "cuts": [
        13293,
        13316,
        13288,
        13280,
        13283,
        13317,
        13320,
        13296,
        13317,
        13278,
        13272,
        13325,
        13286,
        13278,
        13283,
        13271,
        13286,
        13320,
        13279,
        13316,
        13279,
        13306,
        13320,
        13308,
        13283,
        13316,
        13290,
        13316,
        13286,
        13263,
        13259,
        13294,
        13316,
        13320,
        13308,
        13316,
        13316,
        13320,
        13279,
        13289,
        13318,
        13278,
        13320,
        13278,
        13283,
        13320,
        13316,
        13320,
        13307,
        13316,
        13284,
        13292,
        13320,
        13320,
        13286,
        13286,
        13278,
        13296,
        13312,
        13278,
        13283,
        13290,
        13302,
        13307,
        13278,
        13271,
        13320,
        13320,
        13302,
        13283,
        13290,
        13283,
        13283,
        13296,
        13283,
        13271,
        13310,
        13272,
        13286,
        13283,
        13332,
        13320,
        13280,
        13320,
        13317,
        13286,
        13290,
        13283,
        13316,
        13291,
        13321,
        13278,
        13286,
        13320,
        13316,
        13311,
        13317,
        13302,
        13317,
        13320
      ]
    },
    "diff_mean": 22.139999999999418
  }
}