{
  "num_rounds": 30,
  "n_optuna_trials": 1000,
  "n_cim_trials_per_optuna": 20,
  "elapsed_sec_optuna": 75.42405366897583,
  "best_value_mean_cut": 13037.3,
  "best_params": {
    "L": 0.015010751491014907,
    "gamma": 115.77460920920902,
    "loss_dB": 3.496038824081022,
    "dP_per_round": 0.0009939133027885886,
    "abs_coupling": 0.11417334161463699
  },
  "fixed_params": {
    "kappa": 130.0,
    "bandwidth": 1000000000.0,
    "photon_energy": 1.28e-19
  },
  "heldout": {
    "n_trials": 100,
    "seed_start": 100,
    "paper": {
      "mean": 10336.78,
      "std": 34.62270353395298,
      "best": 10430,
      "worst": 10260,
      "cuts": [
        10338,
        10336,
        10411,
        10331,
        10351,
        10311,
        10362,
        10331,
        10384,
        10287,
        10326,
        10267,
        10344,
        10303,
        10285,
        10333,
        10327,
        10325,
        10326,
        10342,
        10339,
        10335,
        10392,
        10358,
        10352,
        10386,
        10322,
        10339,
        10344,
        10282,
        10321,
        10369,
        10304,
        10323,
        10385,
        10300,
        10338,
        10351,
        10298,
        10370,
        10310,
        10307,
        10284,
        10302,
        10340,
        10305,
        10380,
        10313,
        10401,
        10349,
        10313,
        10359,
        10344,
        10405,
        10430,
        10304,
        10342,
        10266,
        10303,
        10352,
        10415,
        10387,
        10351,
        10308,
        10399,
        10344,
        10347,
        10329,
        10353,
        10394,
        10304,
        10320,
        10370,
        10332,
        10361,
        10368,
        10354,
        10260,
        10351,
        10347,
        10292,
        10354,
        10282,
        10343,
        10309,
        10357,
        10350,
        10350,
        10336,
        10326,
        10324,
        10385,
        10298,
        10273,
        10334,
        10323,
        10297,
        10322,
        10342,
        10350
      ]
    },
    "optuna": {
      "mean": 12885.95,
      "std": 445.4600851928262,
      "best": 13120,
      "worst": 11267,
      "cuts": [
        12990,
        12975,
        11539,
        13042,
        12983,
        13045,
        13012,
        13037,
        13006,
        13061,
        13042,
        13052,
        13002,
        11452,
        13031,
        13083,
        13064,
        11606,
        13022,
        12992,
        13022,
        13020,
        12971,
        12984,
        13026,
        13028,
        13063,
        13011,
        11466,
        13042,
        13051,
        13075,
        13026,
        13053,
        13054,
        12995,
        13078,
        13054,
        13010,
        11267,
        11678,
        13084,
        13120,
        13093,
        12982,
        13027,
        13054,
        13082,
        13066,
        13024,
        13045,
        13048,
        12948,
        13033,
        13013,
        13050,
        13092,
        13005,
        13055,
        13021,
        13061,
        12987,
        13093,
        13002,
        13071,
        13023,
        13065,
        13036,
        13037,
        13019,
        13005,
        11521,
        13097,
        13065,
        13074,
        13026,
        12966,
        13066,
        11702,
        13039,
        13019,
        13085,
        11708,
        13005,
        13022,
        13037,
        13029,
        13081,
        11652,
        13037,
        12992,
        12989,
        13031,
        12984,
        12963,
        13040,
        13016,
        13014,
        13047,
        13037
      ]
    },
    "diff_mean": 2549.17
  }
}