{
  "graph": "input\\G22.txt",
  "n": 2000,
  "k": 19990,
  "weighted": false,
  "num_trials": 100,
  "seed_base": 0,
  "known_best": 13359,
  "cim": {
    "num_rounds": 1500,
    "coupling": -0.03,
    "kappa": 130.0,
    "L": 0.05,
    "gamma": 42.09,
    "eta": 0.07943282347242814,
    "bandwidth": 1000000000.0,
    "photon_energy": 1.28e-19,
    "dP_per_round": 5e-05,
    "mean": 13275.29,
    "best": 13326.0,
    "worst": 13220.0,
    "std": 20.471587627734202,
    "time_sec": 1.4425342082977295
  },
  "pticm": {
    "num_sweeps": 100,
    "sweep_len": 2000,
    "num_temps": 12,
    "t_min": 0.05,
    "t_max": 3.0,
    "T_ladder": [
      0.05,
      0.07254711025452343,
      0.10526166412563961,
      0.1527285910579479,
      0.22160035868997938,
      0.32152931308647753,
      0.4665204505309175,
      0.6768942112131286,
      0.9821343794305504,
      1.4250202221861221,
      2.067621983477242,
      3.0
    ],
    "swap_interval": 1,
    "icm_interval": 5,
    "mean": 13200.96,
    "best": 13272.0,
    "worst": 13151.0,
    "std": 24.551953079134055,
    "time_sec": 2.306551218032837
  }
}