{
  "graph": "input\\G22.txt",
  "n": 2000,
  "k": 19990,
  "weighted": false,
  "num_trials": 4,
  "seed_base": 0,
  "known_best": 13359,
  "cim": {
    "num_rounds": 1500,
    "coupling": -0.03,
    "kappa": 130.0,
    "L": 0.05,
    "gamma": 42.09,
    "eta": 0.07943282347242814,
    "bandwidth": 1000000000.0,
    "photon_energy": 1.28e-19,
    "dP_per_round": 5e-05,
    "mean": 13269.0,
    "best": 13303.0,
    "worst": 13226.0,
    "std": 27.613402542968153,
    "time_sec": 0.31928205490112305
  },
  "pticm": {
    "num_sweeps": 20,
    "sweep_len": 2000,
    "num_temps": 8,
    "t_min": 0.05,
    "t_max": 3.0,
    "T_ladder": [
      0.05,
      0.08974114606896437,
      0.16106946595542407,
      0.289091169431116,
      0.5188674572633103,
      0.9312752054539772,
      1.6714740848610046,
      3.0
    ],
    "swap_interval": 1,
    "icm_interval": 5,
    "sample_interval": 25,
    "trajectory_mean": [
      13060.75
    ],
    "trajectory_best": [
      13071.0
    ],
    "sample_sweeps": [
      25
    ],
    "mean": 13060.75,
    "best": 13071.0,
    "worst": 13042.0,
    "std": 11.121488209767612,
    "time_sec": 0.1522965431213379
  }
}