{
  "graph": "input\\G22.txt",
  "n": 2000,
  "k": 19990,
  "weighted": false,
  "num_trials": 100,
  "seed_base": 0,
  "known_best": 13359,
  "cim": {
    "num_rounds": 1500,
    "coupling": -0.03,
    "kappa": 130.0,
    "L": 0.05,
    "gamma": 42.09,
    "eta": 0.07943282347242814,
    "bandwidth": 1000000000.0,
    "photon_energy": 1.28e-19,
    "dP_per_round": 5e-05,
    "mean": 13275.29,
    "best": 13326.0,
    "worst": 13220.0,
    "std": 20.471587627734202,
    "time_sec": 1.4279358386993408
  },
  "pticm": {
    "num_sweeps": 500,
    "sweep_len": 2000,
    "num_temps": 16,
    "t_min": 0.03,
    "t_max": 3.0,
    "T_ladder": [
      0.03,
      0.04078069172635576,
      0.055435493922668715,
      0.07535659294528742,
      0.10243646621500803,
      0.13924766500838334,
      0.18928720334405796,
      0.2573087695772682,
      0.34977432035394945,
      0.47546795773833395,
      0.6463304070095649,
      0.8785933693875706,
      1.194321511660492,
      1.623508579639391,
      2.206926763378924,
      3.0
    ],
    "swap_interval": 1,
    "icm_interval": 5,
    "mean": 13274.49,
    "best": 13317.0,
    "worst": 13240.0,
    "std": 13.995352800126192,
    "time_sec": 14.790405750274658
  }
}